entity|importance|category|chunk_id|type
project management institute|4.0|organisation|ce38c53d7b4440198db4d6f8ed8a2555|concept
practice standard for project risk management|5.0|document|ce38c53d7b4440198db4d6f8ed8a2555|concept
identify risks process|4.0|process|ce38c53d7b4440198db4d6f8ed8a2555|concept
early identification|3.0|concept|ce38c53d7b4440198db4d6f8ed8a2555|concept
iterative identification|3.0|concept|ce38c53d7b4440198db4d6f8ed8a2555|concept
emergent identification|3.0|concept|ce38c53d7b4440198db4d6f8ed8a2555|concept
comprehensive identification|3.0|concept|ce38c53d7b4440198db4d6f8ed8a2555|concept
explicit identification of opportunities|3.0|concept|ce38c53d7b4440198db4d6f8ed8a2555|concept
identify risks process|5.0|event|f1cabcc2c06a4caf862030a7def902a1|concept
risk statement|5.0|concept|f1cabcc2c06a4caf862030a7def902a1|concept
project objectives|5.0|concept|f1cabcc2c06a4caf862030a7def902a1|concept
ownership|4.0|condition|f1cabcc2c06a4caf862030a7def902a1|concept
level of detail|4.0|condition|f1cabcc2c06a4caf862030a7def902a1|concept
objectivity|5.0|concept|f1cabcc2c06a4caf862030a7def902a1|concept
tools and techniques for risk identification|5.0|event|f1cabcc2c06a4caf862030a7def902a1|concept
historical review|5.0|event|ec9816b10a2142cdb90148b09b1cd2a3|concept
current assessments|5.0|event|ec9816b10a2142cdb90148b09b1cd2a3|concept
creativity techniques|3.0|concept|ec9816b10a2142cdb90148b09b1cd2a3|concept
identify risks process results documentation|4.0|document|ec9816b10a2142cdb90148b09b1cd2a3|concept
perform qualitative risk analysis|5.0|event|ec9816b10a2142cdb90148b09b1cd2a3|concept
purpose and objectives of the perform qualitative risk analysis process|4.0|concept|ec9816b10a2142cdb90148b09b1cd2a3|concept
critical success factors for the perform qualitative risk analysis process|4.0|concept|ec9816b10a2142cdb90148b09b1cd2a3|concept
agreed-upon approach|3.0|concept|ec9816b10a2142cdb90148b09b1cd2a3|concept
agreed-upon definitions of risk terms|3.0|condition|ec9816b10a2142cdb90148b09b1cd2a3|concept
risks|5.0|concept|d60d3c24a3534302b5c47206f7309d87|concept
qualitative risk analysis|5.0|event|d60d3c24a3534302b5c47206f7309d87|concept
specific objectives|4.0|concept|d60d3c24a3534302b5c47206f7309d87|concept
project|4.0|concept|d60d3c24a3534302b5c47206f7309d87|concept
risk characteristics|3.0|concept|d60d3c24a3534302b5c47206f7309d87|concept
data collection and analysis|4.0|event|d60d3c24a3534302b5c47206f7309d87|concept
risk causes|3.0|concept|d60d3c24a3534302b5c47206f7309d87|concept
documentation|4.0|document|d60d3c24a3534302b5c47206f7309d87|concept
table of contents|5.0|concept|265e2eb08f42477eabfd80152a4b8445|concept
document|4.0|document|265e2eb08f42477eabfd80152a4b8445|concept
perform quantitative risk analysis process|5.0|event|121632046cea41f19d49144fa60c55a2|concept
prior risk identification and qualitative risk analysis|4.0|event|121632046cea41f19d49144fa60c55a2|concept
appropriate project model|4.0|concept|121632046cea41f19d49144fa60c55a2|concept
high quality risk data collection|4.0|condition|121632046cea41f19d49144fa60c55a2|concept
unbiased data|4.0|condition|121632046cea41f19d49144fa60c55a2|concept
overall project risk derived from individual risks|4.0|concept|121632046cea41f19d49144fa60c55a2|concept
interrelationships between risks in quantitative risk analysis|3.0|condition|121632046cea41f19d49144fa60c55a2|concept
quantitative risk analysis process|5.0|event|cee7c83d97874c489661b8a3a9a1c88a|concept
comprehensive risk representation|4.0|concept|cee7c83d97874c489661b8a3a9a1c88a|concept
risk impact calculation|4.0|concept|cee7c83d97874c489661b8a3a9a1c88a|concept
quantitative method|4.0|concept|cee7c83d97874c489661b8a3a9a1c88a|concept
data gathering tools|3.0|object|cee7c83d97874c489661b8a3a9a1c88a|concept
effective presentation of quantitative analysis results|4.0|concept|cee7c83d97874c489661b8a3a9a1c88a|concept
iterative quantitative risk analysis|3.0|event|cee7c83d97874c489661b8a3a9a1c88a|concept
information for response planning|3.0|document|cee7c83d97874c489661b8a3a9a1c88a|concept
plan risk responses process|5.0|event|593c9b36a46c4997a949ff2bf799d856|concept
purpose and objectives of the plan risk responses process|4.0|misc|593c9b36a46c4997a949ff2bf799d856|concept
critical success factors for the plan risk responses process|4.0|misc|593c9b36a46c4997a949ff2bf799d856|concept
communicate|3.0|concept|593c9b36a46c4997a949ff2bf799d856|concept
risk-related roles and responsibilities|3.0|organisation|593c9b36a46c4997a949ff2bf799d856|concept
timing of risk responses|5.0|concept|6547583827384097ad3fc0f54fcae015|concept
resources, budget, and schedule for responses|5.0|concept|6547583827384097ad3fc0f54fcae015|concept
interaction of risks and responses|5.0|concept|6547583827384097ad3fc0f54fcae015|concept
appropriate, timely, effective, and agreed-upon responses|5.0|condition|6547583827384097ad3fc0f54fcae015|concept
threats and opportunities|5.0|concept|6547583827384097ad3fc0f54fcae015|concept
develop strategies before tactical responses|4.0|event|6547583827384097ad3fc0f54fcae015|concept
threat|5.0|concept|9bac0e898ced4767be00577845ffa2de|concept
opportunity|5.0|concept|9bac0e898ced4767be00577845ffa2de|concept
risk response strategies|4.0|concept|9bac0e898ced4767be00577845ffa2de|concept
project risk|4.0|concept|9bac0e898ced4767be00577845ffa2de|concept
project management institute|3.0|Organisation|73ec10c3689545d683c6cc529050ea8a|concept
practice standard for project risk management|5.0|Document|73ec10c3689545d683c6cc529050ea8a|concept
plan risk responses process|4.0|Concept|73ec10c3689545d683c6cc529050ea8a|concept
response identification|3.0|Concept|73ec10c3689545d683c6cc529050ea8a|concept
response selection|3.0|Concept|73ec10c3689545d683c6cc529050ea8a|concept
action planning|3.0|Concept|73ec10c3689545d683c6cc529050ea8a|concept
ownership and responsibility assignment|3.0|Concept|73ec10c3689545d683c6cc529050ea8a|concept
documenting the results of the plan risk responses process|4.0|Concept|73ec10c3689545d683c6cc529050ea8a|concept
risk register|3.0|Document|73ec10c3689545d683c6cc529050ea8a|concept
management plan|5.0|document|fc2f34bc3f844d21a0af18e3536492f6|concept
predicted exposure review and document|5.0|event|fc2f34bc3f844d21a0af18e3536492f6|concept
chapter 9 - monitor and control risks|5.1|misc|fc2f34bc3f844d21a0af18e3536492f6|concept
purpose and objectives of the monitor and control risks process|5.0|concept|fc2f34bc3f844d21a0af18e3536492f6|concept
critical success factors for the monitor and control risks process|5.0|concept|fc2f34bc3f844d21a0af18e3536492f6|concept
integrate risk monitoring and control with project monitoring and control|5.0|condition|fc2f34bc3f844d21a0af18e3536492f6|concept
continuously monitor risk trigger conditions|5.0|condition|fc2f34bc3f844d21a0af18e3536492f6|concept
maintain risk awareness|5.0|condition|fc2f34bc3f844d21a0af18e3536492f6|concept
tools and techniques for the monitor and control risks process|5.0|concept|fc2f34bc3f844d21a0af18e3536492f6|concept
contingency reserves management|5.0|concept|5892f32864c647b7afca75cc0f87dc98|concept
trigger conditions tracking|5.0|concept|5892f32864c647b7afca75cc0f87dc98|concept
overall risk tracking|5.0|concept|5892f32864c647b7afca75cc0f87dc98|concept
compliance tracking|5.0|concept|5892f32864c647b7afca75cc0f87dc98|concept
monitor and control risks results documentation|5.0|concept|5892f32864c647b7afca75cc0f87dc98|concept
pmi practice standard for project risk|4.0|organisation|5892f32864c647b7afca75cc0f87dc98|concept
appendices|3.0|misc|5892f32864c647b7afca75cc0f87dc98|concept
appendix a - guidelines for a pmi practice standard|4.0|document|5892f32864c647b7afca75cc0f87dc98|concept
appendix b - evolution of pmi’s practice standard for project risk|3.0|misc|5892f32864c647b7afca75cc0f87dc98|concept
management|5.0|concept|8f45a45e6eb448b19a5174790bd81775|concept
pre-project|5.0|event|8f45a45e6eb448b19a5174790bd81775|concept
preliminary work|5.0|event|8f45a45e6eb448b19a5174790bd81775|concept
scope changes|3.0|concept|8f45a45e6eb448b19a5174790bd81775|concept
table of contents|1.0|misc|8f45a45e6eb448b19a5174790bd81775|concept
practice standard for project risk management|5.0|document|1f6c53c516824e75976ceb10c164070d|concept
project core team|4.0|organisation|1f6c53c516824e75976ceb10c164070d|concept
significant contributors|3.0|misc|1f6c53c516824e75976ceb10c164070d|concept
practice standard for project risk management team members|3.0|organisation|1f6c53c516824e75976ceb10c164070d|concept
final exposure draft reviewers and contributors|3.0|misc|1f6c53c516824e75976ceb10c164070d|concept
pmi standards member advisory group (mag)|3.0|organisation|1f6c53c516824e75976ceb10c164070d|concept
staff contributor|2.0|misc|1f6c53c516824e75976ceb10c164070d|concept
risk management planning|5.0|Concept|efcf30b80516453b8e5aa6f968ab62a4|concept
chapter 4|4.0|Document|efcf30b80516453b8e5aa6f968ab62a4|concept
techniques (d.1.1)|5.0|Concept|efcf30b80516453b8e5aa6f968ab62a4|concept
risk identification|4.0|Concept|efcf30b80516453b8e5aa6f968ab62a4|concept
chapter 5|3.0|Document|efcf30b80516453b8e5aa6f968ab62a4|concept
techniques (d.2.1)|4.0|Concept|efcf30b80516453b8e5aa6f968ab62a4|concept
qualitative risk analysis|5.0|Concept|efcf30b80516453b8e5aa6f968ab62a4|concept
chapter 6|3.0|Document|efcf30b80516453b8e5aa6f968ab62a4|concept
techniques for perform qualitative risk analysis (d.3.1)|4.0|Concept|efcf30b80516453b8e5aa6f968ab62a4|concept
quantitative risk analysis|5.0|concept|affff0d2a100476499e69692fb0f4687|concept
perform quantitative risk analysis|4.0|concept|affff0d2a100476499e69692fb0f4687|concept
plan risk responses|4.0|concept|affff0d2a100476499e69692fb0f4687|concept
monitor and control risks|4.0|concept|affff0d2a100476499e69692fb0f4687|concept
chapter 7|3.0|event|affff0d2a100476499e69692fb0f4687|concept
chapter 8|3.0|event|affff0d2a100476499e69692fb0f4687|concept
chapter 9|3.0|event|affff0d2a100476499e69692fb0f4687|concept
appendix e – references|2.0|document|affff0d2a100476499e69692fb0f4687|concept
perform qualitative risk analysis process|5.0|event|75b94dd0b5134f2389d38eccb4969522|concept
qualitative and quantitative approaches|4.0|concept|75b94dd0b5134f2389d38eccb4969522|concept
structure of a quantitative risk analysis|4.0|event|75b94dd0b5134f2389d38eccb4969522|concept
critical success factors for risk response planning|4.0|concept|75b94dd0b5134f2389d38eccb4969522|concept
planning risk responses|4.0|event|75b94dd0b5134f2389d38eccb4969522|concept
monitor and control risks process|4.0|event|75b94dd0b5134f2389d38eccb4969522|concept
project management institute (pmi)|5.0|organisation|5f8134998b4b4a69bd127c003863bf54|concept
a guide to the project management body of knowledge (pmbok guide - fourth edition)|4.0|document|5f8134998b4b4a69bd127c003863bf54|concept
project risk management|5.0|concept|5f8134998b4b4a69bd127c003863bf54|concept
process standard for project risk management|4.0|event|5f8134998b4b4a69bd127c003863bf54|concept
project|5.0|concept|5f8134998b4b4a69bd127c003863bf54|concept
project manager|4.0|person|5f8134998b4b4a69bd127c003863bf54|concept
project personnel|3.0|misc|5f8134998b4b4a69bd127c003863bf54|concept
contract personnel|2.0|misc|5f8134998b4b4a69bd127c003863bf54|concept
supervisor|2.0|person|5f8134998b4b4a69bd127c003863bf54|concept
project stakeholders|4.0|misc|5f8134998b4b4a69bd127c003863bf54|concept
practice standard for project risk management|5.0|concept|27a2785dcfcd4e1584ab4d3365070ed6|concept
project risk management definition|4.0|concept|27a2785dcfcd4e1584ab4d3365070ed6|concept
project management|4.0|concept|27a2785dcfcd4e1584ab4d3365070ed6|concept
good risk management practice|4.0|concept|27a2785dcfcd4e1584ab4d3365070ed6|concept
critical success factors for project risk management|4.0|concept|27a2785dcfcd4e1584ab4d3365070ed6|concept
chapter|3.0|misc|27a2785dcfcd4e1584ab4d3365070ed6|concept
sections (1.1 - 1.5)|2.0|misc|27a2785dcfcd4e1584ab4d3365070ed6|concept
project risk management practice standard|5.0|document|6c222dc5b7d147c1aa82ae11286036cf|concept
project management practitioners and other stakeholders|4.0|organisation|6c222dc5b7d147c1aa82ae11286036cf|concept
aspects of project risk management|4.0|concept|6c222dc5b7d147c1aa82ae11286036cf|concept
good practice on most projects most of the time|3.0|concept|6c222dc5b7d147c1aa82ae11286036cf|concept
globally applicable and consistently applied standard|4.0|concept|6c222dc5b7d147c1aa82ae11286036cf|concept
descriptive purpose|3.0|concept|6c222dc5b7d147c1aa82ae11286036cf|concept
single projects|3.0|concept|6c222dc5b7d147c1aa82ae11286036cf|concept
pmbok   ® guide  – fourth edition|3.0|document|6c222dc5b7d147c1aa82ae11286036cf|concept
risk in programs or portfolios of projects|2.0|concept|6c222dc5b7d147c1aa82ae11286036cf|concept
pmbok (project management body of knowledge) guide - fourth edition|5.0|document|a4177dda1951468bb4bbac22c2a6cdd2|concept
practice standard for project risk management|5.0|concept|a4177dda1951468bb4bbac22c2a6cdd2|concept
chapter 11|4.0|concept|a4177dda1951468bb4bbac22c2a6cdd2|concept
project risk management|5.0|concept|a4177dda1951468bb4bbac22c2a6cdd2|concept
pmi (project management institute) practice standards|4.0|organisation|a4177dda1951468bb4bbac22c2a6cdd2|concept
figure 1-1|3.0|concept|a4177dda1951468bb4bbac22c2a6cdd2|concept
purposes of the practice standard|4.0|misc|a4177dda1951468bb4bbac22c2a6cdd2|concept
figure 1-1. hierarchy of pmi project risk management resources|3.0|document|a4177dda1951468bb4bbac22c2a6cdd2|concept
project management institute|5.0|organisation|de582a1620e54dd4be562d4fe6cccf33|concept
practice standard for project risk management|5.0|document|de582a1620e54dd4be562d4fe6cccf33|concept
pmbok  ®  guide – fourth edition|4.0|document|de582a1620e54dd4be562d4fe6cccf33|concept
project risk management processes|5.0|concept|de582a1620e54dd4be562d4fe6cccf33|concept
plan risk management|4.0|process|de582a1620e54dd4be562d4fe6cccf33|concept
identify risks|4.0|process|de582a1620e54dd4be562d4fe6cccf33|concept
perform qualitative risk analysis|4.0|process|de582a1620e54dd4be562d4fe6cccf33|concept
perform quantitative risk analysis|4.0|process|de582a1620e54dd4be562d4fe6cccf33|concept
plan risk responses|4.0|process|de582a1620e54dd4be562d4fe6cccf33|concept
monitor and control risks|4.0|process|de582a1620e54dd4be562d4fe6cccf33|concept
glossary of terms|4.0|document|ab1fdf8b36404fb4b722ee2f7df0ed9b|concept
project risk management principles|5.0|concept|ab1fdf8b36404fb4b722ee2f7df0ed9b|concept
effective project risk management|5.0|concept|ab1fdf8b36404fb4b722ee2f7df0ed9b|concept
comprehensive project risk management|5.0|concept|ab1fdf8b36404fb4b722ee2f7df0ed9b|concept
successful project risk management|5.0|concept|ab1fdf8b36404fb4b722ee2f7df0ed9b|concept
principles agreed upon now and in the future|4.0|concept|ab1fdf8b36404fb4b722ee2f7df0ed9b|concept
project|5.0|object|ab1fdf8b36404fb4b722ee2f7df0ed9b|concept
organization|3.0|organisation|ab1fdf8b36404fb4b722ee2f7df0ed9b|concept
situation|4.0|misc|ab1fdf8b36404fb4b722ee2f7df0ed9b|concept
risk management processes|5.0|concept|ab1fdf8b36404fb4b722ee2f7df0ed9b|concept
large projects|3.0|misc|ab1fdf8b36404fb4b722ee2f7df0ed9b|concept
small projects|3.0|misc|ab1fdf8b36404fb4b722ee2f7df0ed9b|concept
organizational culture|4.0|organisation|ab1fdf8b36404fb4b722ee2f7df0ed9b|concept
processes|3.0|concept|ab1fdf8b36404fb4b722ee2f7df0ed9b|concept
assets|4.0|object|ab1fdf8b36404fb4b722ee2f7df0ed9b|concept
risk management principles|5.0|concept|b50fccc9e5f545a7a41e1e161ecbd4c8|concept
project risk management|4.0|concept|b50fccc9e5f545a7a41e1e161ecbd4c8|concept
global context|3.0|concept|b50fccc9e5f545a7a41e1e161ecbd4c8|concept
joint ventures|2.0|organisation|b50fccc9e5f545a7a41e1e161ecbd4c8|concept
commercial and national companies|2.0|organisation|b50fccc9e5f545a7a41e1e161ecbd4c8|concept
government and non-government organizations|2.0|organisation|b50fccc9e5f545a7a41e1e161ecbd4c8|concept
cross-cultural environment|3.0|concept|b50fccc9e5f545a7a41e1e161ecbd4c8|concept
organization's processes|4.0|process|b50fccc9e5f545a7a41e1e161ecbd4c8|concept
practitioner's processes|3.0|process|b50fccc9e5f545a7a41e1e161ecbd4c8|concept
project specific processes|3.0|process|b50fccc9e5f545a7a41e1e161ecbd4c8|concept
project risk management|5.0|concept|dd0f5313599b46e3907e5b0b6b023c32|concept
practice standard for project risk management|4.0|concept|dd0f5313599b46e3907e5b0b6b023c32|concept
pmbok guide - fourth edition|4.0|document|dd0f5313599b46e3907e5b0b6b023c32|concept
processes (risk management planning, identification, analysis, responses, monitoring and control)|5.0|concept|dd0f5313599b46e3907e5b0b6b023c32|concept
project objectives|4.0|concept|dd0f5313599b46e3907e5b0b6b023c32|concept
scope, schedule, cost, and quality|5.0|concept|dd0f5313599b46e3907e5b0b6b023c32|concept
project risk management|5.0|concept|7314cb2b6f0b44aea63b181e9855592d|concept
risks|5.0|concept|7314cb2b6f0b44aea63b181e9855592d|concept
project management|4.0|concept|7314cb2b6f0b44aea63b181e9855592d|concept
events|3.0|event|7314cb2b6f0b44aea63b181e9855592d|concept
likelihood or probability of occurrence|3.0|condition|7314cb2b6f0b44aea63b181e9855592d|concept
impact on objectives|3.0|condition|7314cb2b6f0b44aea63b181e9855592d|concept
project plans|4.0|document|7314cb2b6f0b44aea63b181e9855592d|concept
operational documents|3.0|document|7314cb2b6f0b44aea63b181e9855592d|concept
project phases|4.0|misc|7314cb2b6f0b44aea63b181e9855592d|concept
process groups|3.0|misc|7314cb2b6f0b44aea63b181e9855592d|concept
project risk management|5.0|concept|f1bbcde7b1a74660a7507f89d108eca7|concept
project estimates and assumptions|4.0|concept|f1bbcde7b1a74660a7507f89d108eca7|concept
project scheduling|3.0|process|f1bbcde7b1a74660a7507f89d108eca7|concept
activity durations|3.0|concept|f1bbcde7b1a74660a7507f89d108eca7|concept
resource availability|3.0|concept|f1bbcde7b1a74660a7507f89d108eca7|concept
quantitative risk analysis|4.0|process|f1bbcde7b1a74660a7507f89d108eca7|concept
project risks|5.0|concept|f1bbcde7b1a74660a7507f89d108eca7|concept
project management processes|5.0|concept|6159a8d45d5b4974a42586b0dd04d958|concept
scheduling|4.0|concept|6159a8d45d5b4974a42586b0dd04d958|concept
budgeting|4.0|concept|6159a8d45d5b4974a42586b0dd04d958|concept
change management|4.0|concept|6159a8d45d5b4974a42586b0dd04d958|concept
project risk management|5.0|concept|6159a8d45d5b4974a42586b0dd04d958|concept
risk response actions|4.0|concept|6159a8d45d5b4974a42586b0dd04d958|concept
cost contingency reserves|4.0|concept|6159a8d45d5b4974a42586b0dd04d958|concept
schedule contingency reserves|4.0|concept|6159a8d45d5b4974a42586b0dd04d958|concept
project objectives|4.0|concept|6159a8d45d5b4974a42586b0dd04d958|concept
project management institute|5.0|Organisation|69ca75007cde42ef9b7427681318dedf|concept
practice standard for project risk management|5.0|Document|69ca75007cde42ef9b7427681318dedf|concept
project risk|5.0|Concept|69ca75007cde42ef9b7427681318dedf|concept
project life cycle|4.0|Concept|69ca75007cde42ef9b7427681318dedf|concept
risk management approach|4.0|Concept|69ca75007cde42ef9b7427681318dedf|concept
project plans|3.0|Concept|69ca75007cde42ef9b7427681318dedf|concept
project results|3.0|Concept|69ca75007cde42ef9b7427681318dedf|concept
early stages of a project|4.0|Event|69ca75007cde42ef9b7427681318dedf|concept
little information on project risks|3.0|Concept|69ca75007cde42ef9b7427681318dedf|concept
different ways of approaching the project|4.0|Misc|69ca75007cde42ef9b7427681318dedf|concept
project planning|5.0|Event|17a7c6a89ec74881822c29e8632ddf81|concept
stakeholders|4.0|Concept|17a7c6a89ec74881822c29e8632ddf81|concept
scope|4.0|Concept|17a7c6a89ec74881822c29e8632ddf81|concept
time|4.0|Concept|17a7c6a89ec74881822c29e8632ddf81|concept
cost|4.0|Concept|17a7c6a89ec74881822c29e8632ddf81|concept
assumptions and constraints|3.0|Concept|17a7c6a89ec74881822c29e8632ddf81|concept
project flexibility|3.0|Condition|17a7c6a89ec74881822c29e8632ddf81|concept
project risk|3.0|Concept|17a7c6a89ec74881822c29e8632ddf81|concept
fundamental decisions, agreements, and contracts|2.0|Misc|17a7c6a89ec74881822c29e8632ddf81|concept
options for making changes|2.0|Condition|17a7c6a89ec74881822c29e8632ddf81|concept
project execution|5.0|event|9b3833a7325c4682b66d36c04582c56a|concept
risk management processes|5.0|concept|9b3833a7325c4682b66d36c04582c56a|concept
new risks|4.0|concept|9b3833a7325c4682b66d36c04582c56a|concept
appropriate responses|3.0|misc|9b3833a7325c4682b66d36c04582c56a|concept
existing risks|4.0|concept|9b3833a7325c4682b66d36c04582c56a|concept
project completion dates|4.0|concept|9b3833a7325c4682b66d36c04582c56a|concept
cost of the project|4.0|concept|9b3833a7325c4682b66d36c04582c56a|concept
project closure|3.0|event|9b3833a7325c4682b66d36c04582c56a|concept
risk-related lessons|4.0|concept|9b3833a7325c4682b66d36c04582c56a|concept
organizational learning|3.0|organisation|9b3833a7325c4682b66d36c04582c56a|concept
continuous improvement|3.0|concept|9b3833a7325c4682b66d36c04582c56a|concept
project risk management practice|5.0|concept|9b3833a7325c4682b66d36c04582c56a|concept
project management|3.0|organisation|9b3833a7325c4682b66d36c04582c56a|concept
good risk management practice|4.0|concept|9b3833a7325c4682b66d36c04582c56a|concept
value of project risk management|3.0|misc|9b3833a7325c4682b66d36c04582c56a|concept
project risk management|5.0|concept|e7a89dba78844a089ad439e6e4ca0652|concept
organizational practices and policies|4.0|condition|e7a89dba78844a089ad439e6e4ca0652|concept
project|5.0|concept|e7a89dba78844a089ad439e6e4ca0652|concept
business challenges|4.0|condition|e7a89dba78844a089ad439e6e4ca0652|concept
global environment|4.0|concept|e7a89dba78844a089ad439e6e4ca0652|concept
joint venture projects|3.0|event|e7a89dba78844a089ad439e6e4ca0652|concept
customers, suppliers, and workforces|3.0|organisation|e7a89dba78844a089ad439e6e4ca0652|concept
changes in the project management plan|4.0|event|e7a89dba78844a089ad439e6e4ca0652|concept
management level|3.0|concept|e7a89dba78844a089ad439e6e4ca0652|concept
reassign personnel|2.0|event|e7a89dba78844a089ad439e6e4ca0652|concept
budgets|3.0|object|e7a89dba78844a089ad439e6e4ca0652|concept
communications with others outside the project|3.0|event|e7a89dba78844a089ad439e6e4ca0652|concept
regulators|2.0|organisation|e7a89dba78844a089ad439e6e4ca0652|concept
rules of accounting and law|3.0|condition|e7a89dba78844a089ad439e6e4ca0652|concept
multi-cultural environment|4.0|concept|e7a89dba78844a089ad439e6e4ca0652|concept
project risk management|5.0|concept|06a2b948fe9842d09332a0a9c98c675a|concept
ethics|4.0|condition|06a2b948fe9842d09332a0a9c98c675a|concept
project management code of ethics|3.0|organisation|06a2b948fe9842d09332a0a9c98c675a|concept
honesty|4.0|concept|06a2b948fe9842d09332a0a9c98c675a|concept
responsibility|4.0|concept|06a2b948fe9842d09332a0a9c98c675a|concept
realism|4.0|concept|06a2b948fe9842d09332a0a9c98c675a|concept
professionalism|4.0|concept|06a2b948fe9842d09332a0a9c98c675a|concept
fair dealing|4.0|concept|06a2b948fe9842d09332a0a9c98c675a|concept
stakeholders|5.0|concept|06a2b948fe9842d09332a0a9c98c675a|concept
communication|4.0|condition|06a2b948fe9842d09332a0a9c98c675a|concept
consultation|3.0|concept|06a2b948fe9842d09332a0a9c98c675a|concept
project risk identification|4.0|event|06a2b948fe9842d09332a0a9c98c675a|concept
risk analysis|4.0|event|06a2b948fe9842d09332a0a9c98c675a|concept
risk response|4.0|event|06a2b948fe9842d09332a0a9c98c675a|concept
project (not specific)|3.0|place|06a2b948fe9842d09332a0a9c98c675a|concept
practice standard for project risk management|5.0|document|06a2b948fe9842d09332a0a9c98c675a|concept
political or other unreasonable influences|3.0|condition|06a2b948fe9842d09332a0a9c98c675a|concept
project|5.0|concept|8e02027cf76c4c2da2d3e158a54557b3|concept
management|5.0|concept|8e02027cf76c4c2da2d3e158a54557b3|concept
resource management|4.0|event|8e02027cf76c4c2da2d3e158a54557b3|concept
time management|4.0|event|8e02027cf76c4c2da2d3e158a54557b3|concept
attention to project risk management|4.0|event|8e02027cf76c4c2da2d3e158a54557b3|concept
project size|3.0|concept|8e02027cf76c4c2da2d3e158a54557b3|concept
project duration|3.0|concept|8e02027cf76c4c2da2d3e158a54557b3|concept
project importance|3.0|concept|8e02027cf76c4c2da2d3e158a54557b3|concept
customer value|3.0|concept|8e02027cf76c4c2da2d3e158a54557b3|concept
project risk management processes|5.0|event|8e02027cf76c4c2da2d3e158a54557b3|concept
plan risk management|4.0|event|8e02027cf76c4c2da2d3e158a54557b3|concept
scaling of project risk management processes|4.0|event|8e02027cf76c4c2da2d3e158a54557b3|concept
periodic review|3.0|event|8e02027cf76c4c2da2d3e158a54557b3|concept
critical success factors for project risk management|4.0|concept|8e02027cf76c4c2da2d3e158a54557b3|concept
project risk management|5.0|concept|eb72efcdf9de4b89a9da87833c944a1d|concept
organizational management|4.0|organisation|eb72efcdf9de4b89a9da87833c944a1d|concept
project stakeholders|4.0|organisation|eb72efcdf9de4b89a9da87833c944a1d|concept
project management|4.0|concept|eb72efcdf9de4b89a9da87833c944a1d|concept
team members|4.0|misc|eb72efcdf9de4b89a9da87833c944a1d|concept
value of risk management|3.0|concept|eb72efcdf9de4b89a9da87833c944a1d|concept
individual commitment/responsibility|4.0|condition|eb72efcdf9de4b89a9da87833c944a1d|concept
open and honest communication|4.0|condition|eb72efcdf9de4b89a9da87833c944a1d|concept
project risk management|5.0|concept|888163a83fe9454ea7a78680b27ec809|concept
communication about project risk|4.0|event|888163a83fe9454ea7a78680b27ec809|concept
organizational goals and values|3.0|concept|888163a83fe9454ea7a78680b27ec809|concept
project manager|3.0|organisation|888163a83fe9454ea7a78680b27ec809|concept
organizational constraints|2.0|concept|888163a83fe9454ea7a78680b27ec809|concept
managerial support|3.0|condition|888163a83fe9454ea7a78680b27ec809|concept
project value to the organization|2.0|concept|888163a83fe9454ea7a78680b27ec809|concept
project risk|4.0|concept|888163a83fe9454ea7a78680b27ec809|concept
project risk management|5.0|concept|d565da0d665b479f8faf52e75d384d3f|concept
project management processes|4.0|concept|d565da0d665b479f8faf52e75d384d3f|concept
figure 1-2|3.0|document|d565da0d665b479f8faf52e75d384d3f|concept
critical success factors for project risk management|4.0|concept|d565da0d665b479f8faf52e75d384d3f|concept
project specifics|3.0|condition|d565da0d665b479f8faf52e75d384d3f|concept
organizational environment|3.0|condition|d565da0d665b479f8faf52e75d384d3f|concept
benefits of project risk management|4.0|concept|d565da0d665b479f8faf52e75d384d3f|concept
good practice principles|3.0|misc|d565da0d665b479f8faf52e75d384d3f|concept
organizational commitment|4.0|concept|d565da0d665b479f8faf52e75d384d3f|concept
project management institute|5.0|organisation|38d6b166f1c6465a8fba9bd91588480b|concept
practice standard for project risk management|5.0|document|38d6b166f1c6465a8fba9bd91588480b|concept
pmbok  ®  guide  – fourth edition|5.0|document|38d6b166f1c6465a8fba9bd91588480b|concept
project risk management|5.0|concept|38d6b166f1c6465a8fba9bd91588480b|concept
chapter 11 (pmbok  ®  guide  – fourth edition)|4.0|place|38d6b166f1c6465a8fba9bd91588480b|concept
project risk|5.0|concept|45aa94e988be41949e7e0933b1d6b024|concept
uncertain event|4.0|event|45aa94e988be41949e7e0933b1d6b024|concept
condition|4.0|condition|45aa94e988be41949e7e0933b1d6b024|concept
probability|3.0|misc|45aa94e988be41949e7e0933b1d6b024|concept
impact|3.0|misc|45aa94e988be41949e7e0933b1d6b024|concept
likelihood|2.0|misc|45aa94e988be41949e7e0933b1d6b024|concept
consequence|2.0|misc|45aa94e988be41949e7e0933b1d6b024|concept
project risk management|5.0|concept|67ed42bcd14044d8b52a09e221c42fb1|concept
threats|4.0|concept|67ed42bcd14044d8b52a09e221c42fb1|concept
opportunities|4.0|concept|67ed42bcd14044d8b52a09e221c42fb1|concept
unified project risk management process|3.0|concept|67ed42bcd14044d8b52a09e221c42fb1|concept
synergies|3.0|concept|67ed42bcd14044d8b52a09e221c42fb1|concept
efficiencies|3.0|concept|67ed42bcd14044d8b52a09e221c42fb1|concept
analyses|2.0|concept|67ed42bcd14044d8b52a09e221c42fb1|concept
responses (to risks)|2.0|concept|67ed42bcd14044d8b52a09e221c42fb1|concept
risks|5.0|concept|5b17f0ec7b63485388cd66ee7bbd147a|concept
uncertain future events or conditions|5.0|concept|5b17f0ec7b63485388cd66ee7bbd147a|concept
project objectives|4.0|object|5b17f0ec7b63485388cd66ee7bbd147a|concept
cause-risk-effect chain|4.0|misc|5b17f0ec7b63485388cd66ee7bbd147a|concept
risk event|3.0|event|5b17f0ec7b63485388cd66ee7bbd147a|concept
threats|3.0|concept|5b17f0ec7b63485388cd66ee7bbd147a|concept
issues/problems|3.0|misc|5b17f0ec7b63485388cd66ee7bbd147a|concept
opportunities|3.0|concept|5b17f0ec7b63485388cd66ee7bbd147a|concept
benefits|3.0|misc|5b17f0ec7b63485388cd66ee7bbd147a|concept
project risk management process|5.0|event|ac2fbe66c2a64c5eba26028aa8579dcb|concept
management actions outside scope of project risk management process|3.0|misc|ac2fbe66c2a64c5eba26028aa8579dcb|concept
project risk|5.0|concept|ac2fbe66c2a64c5eba26028aa8579dcb|concept
individual risks|4.0|concept|ac2fbe66c2a64c5eba26028aa8579dcb|concept
overall project risk|4.0|concept|ac2fbe66c2a64c5eba26028aa8579dcb|concept
specific events or conditions|4.0|event|ac2fbe66c2a64c5eba26028aa8579dcb|concept
project objectives|5.0|concept|ac2fbe66c2a64c5eba26028aa8579dcb|concept
day-to-day project risk management|3.0|event|ac2fbe66c2a64c5eba26028aa8579dcb|concept
project risk management|5.0|concept|76cbb4ea3c594cc092bdb2f8356889c2|concept
project outcome variations|4.0|concept|76cbb4ea3c594cc092bdb2f8356889c2|concept
strategic decision-making|4.0|concept|76cbb4ea3c594cc092bdb2f8356889c2|concept
program and portfolio management|3.0|concept|76cbb4ea3c594cc092bdb2f8356889c2|concept
project governance|4.0|concept|76cbb4ea3c594cc092bdb2f8356889c2|concept
realistic targets (cost and duration)|3.0|condition|76cbb4ea3c594cc092bdb2f8356889c2|concept
contingency reserve levels|3.0|condition|76cbb4ea3c594cc092bdb2f8356889c2|concept
project priorities|3.0|concept|76cbb4ea3c594cc092bdb2f8356889c2|concept
overall success risk|4.0|condition|76cbb4ea3c594cc092bdb2f8356889c2|concept
stakeholder risk attitudes|2.4|concept|76cbb4ea3c594cc092bdb2f8356889c2|concept
project|5.0|Concept|5e6e37ba905c47b3a5061ae1e4f1772f|concept
stakeholders' overall activities|3.0|Concept|5e6e37ba905c47b3a5061ae1e4f1772f|concept
public commitments|3.0|Concept|5e6e37ba905c47b3a5061ae1e4f1772f|concept
environmental impacts|4.0|Concept|5e6e37ba905c47b3a5061ae1e4f1772f|concept
industrial relations|4.0|Concept|5e6e37ba905c47b3a5061ae1e4f1772f|concept
project outcomes|4.0|Concept|5e6e37ba905c47b3a5061ae1e4f1772f|concept
organization's culture|4.0|Concept|5e6e37ba905c47b3a5061ae1e4f1772f|concept
risk attitude|5.0|Concept|5e6e37ba905c47b3a5061ae1e4f1772f|concept
certainty in project outcomes|4.0|Concept|5e6e37ba905c47b3a5061ae1e4f1772f|concept
project objective|3.0|Concept|5e6e37ba905c47b3a5061ae1e4f1772f|concept
risk management|4.0|Concept|5e6e37ba905c47b3a5061ae1e4f1772f|concept
openness of an organization|3.0|Concept|5e6e37ba905c47b3a5061ae1e4f1772f|concept
project management institute|5.0|Organisation|2f31dc06f0ff409e902986a8b569da71|concept
practice standard for project risk management|5.0|Document|2f31dc06f0ff409e902986a8b569da71|concept
risk management planning|4.0|Concept|2f31dc06f0ff409e902986a8b569da71|concept
project success|4.0|Concept|2f31dc06f0ff409e902986a8b569da71|concept
stakeholder satisfaction|4.0|Concept|2f31dc06f0ff409e902986a8b569da71|concept
risk identiﬁcation and analysis|4.0|Concept|2f31dc06f0ff409e902986a8b569da71|concept
stakeholders' attitudes toward risk|5.0|Concept|2f31dc06f0ff409e902986a8b569da71|concept
project risk management process|4.0|Concept|2f31dc06f0ff409e902986a8b569da71|concept
international projects|3.0|Condition|2f31dc06f0ff409e902986a8b569da71|concept
cross-industry projects|3.0|Condition|2f31dc06f0ff409e902986a8b569da71|concept
multi-organizational projects|3.0|Condition|2f31dc06f0ff409e902986a8b569da71|concept
iterative process|4.0|Concept|2f31dc06f0ff409e902986a8b569da71|concept
project risk management|5.0|concept|b1344d4e2ec74db4a2fdc73d101ba153|concept
project lifetime|5.0|event|b1344d4e2ec74db4a2fdc73d101ba153|concept
risks (in general)|5.0|concept|b1344d4e2ec74db4a2fdc73d101ba153|concept
information about risks|4.0|concept|b1344d4e2ec74db4a2fdc73d101ba153|concept
risk identification and analysis|5.0|process|b1344d4e2ec74db4a2fdc73d101ba153|concept
risk response actions|4.0|concept|b1344d4e2ec74db4a2fdc73d101ba153|concept
risk action plans|4.0|document|b1344d4e2ec74db4a2fdc73d101ba153|concept
external circumstances|3.0|concept|b1344d4e2ec74db4a2fdc73d101ba153|concept
risk management planning process|4.0|process|b1344d4e2ec74db4a2fdc73d101ba153|concept
initial risk management plan|3.0|document|b1344d4e2ec74db4a2fdc73d101ba153|concept
risk assessment|4.0|process|b1344d4e2ec74db4a2fdc73d101ba153|concept
project management|5.0|concept|029bb43e67404dadbde3d814069aa467|concept
reviews and updates|4.0|event|029bb43e67404dadbde3d814069aa467|concept
project risk management|5.0|concept|029bb43e67404dadbde3d814069aa467|concept
communication|4.6|concept|029bb43e67404dadbde3d814069aa467|concept
project stakeholders|4.5|organisation|029bb43e67404dadbde3d814069aa467|concept
risk identification and analysis|4.5|event|029bb43e67404dadbde3d814069aa467|concept
environment|3.5|misc|029bb43e67404dadbde3d814069aa467|concept
project risk management process|5.0|concept|1ea8a19fcca04d989bf0e508a08d4d9e|concept
communication|5.0|event|1ea8a19fcca04d989bf0e508a08d4d9e|concept
project team|4.0|organisation|1ea8a19fcca04d989bf0e508a08d4d9e|concept
project stakeholders|4.0|organisation|1ea8a19fcca04d989bf0e508a08d4d9e|concept
project communications strategy|3.0|concept|1ea8a19fcca04d989bf0e508a08d4d9e|concept
stakeholder's responsibility and role in risk management|3.0|misc|1ea8a19fcca04d989bf0e508a08d4d9e|concept
project management|5.0|concept|55034b8949af4fc6b7e345f3648ea0db|concept
project risk management|5.0|concept|55034b8949af4fc6b7e345f3648ea0db|concept
risk specialist|3.0|concept|55034b8949af4fc6b7e345f3648ea0db|concept
project processes|4.0|concept|55034b8949af4fc6b7e345f3648ea0db|concept
project team members|4.0|concept|55034b8949af4fc6b7e345f3648ea0db|concept
stakeholders|3.0|concept|55034b8949af4fc6b7e345f3648ea0db|concept
project objectives|5.0|concept|55034b8949af4fc6b7e345f3648ea0db|concept
project|5.0|concept|df1c53c4637341eab942b0a43f6678b1|concept
project objectives|4.0|concept|df1c53c4637341eab942b0a43f6678b1|concept
project risk management|5.0|event|df1c53c4637341eab942b0a43f6678b1|concept
roles and responsibilities|4.0|misc|df1c53c4637341eab942b0a43f6678b1|concept
project manager|5.0|organisation|df1c53c4637341eab942b0a43f6678b1|concept
day-to-day management of the project|4.0|event|df1c53c4637341eab942b0a43f6678b1|concept
risk management (within the project)|5.0|event|df1c53c4637341eab942b0a43f6678b1|concept
specific activities within the risk process|3.0|process|df1c53c4637341eab942b0a43f6678b1|concept
agreed-upon responses|3.0|misc|df1c53c4637341eab942b0a43f6678b1|concept
lessons for future use (risk-related)|3.0|concept|df1c53c4637341eab942b0a43f6678b1|concept
project risk management|5.0|concept|0d866048d40d4179b0510967761840a5|concept
senior management support|4.0|event|0d866048d40d4179b0510967761840a5|concept
project stakeholders|4.0|organisation|0d866048d40d4179b0510967761840a5|concept
risk management plan|4.0|document|0d866048d40d4179b0510967761840a5|concept
project contingency funds|3.0|concept|0d866048d40d4179b0510967761840a5|concept
open and honest communication|4.0|condition|0d866048d40d4179b0510967761840a5|concept
risk responses|3.0|concept|0d866048d40d4179b0510967761840a5|concept
subcontractors and suppliers|3.0|organisation|0d866048d40d4179b0510967761840a5|concept
risk status reporting|4.0|event|0d866048d40d4179b0510967761840a5|concept
risks|5.0|concept|ca22c69eac744d46a617fbea106ddfbf|concept
senior management|3.0|organisation|ca22c69eac744d46a617fbea106ddfbf|concept
project manager|3.0|organisation|ca22c69eac744d46a617fbea106ddfbf|concept
authority|2.0|concept|ca22c69eac744d46a617fbea106ddfbf|concept
control|2.0|concept|ca22c69eac744d46a617fbea106ddfbf|concept
project|3.0|event|ca22c69eac744d46a617fbea106ddfbf|concept
outside the project|2.0|concept|ca22c69eac744d46a617fbea106ddfbf|concept
input or action from outside the project|3.0|event|ca22c69eac744d46a617fbea106ddfbf|concept
management reserve funds|2.0|concept|ca22c69eac744d46a617fbea106ddfbf|concept
project risk management process|3.0|event|ca22c69eac744d46a617fbea106ddfbf|concept
efficiency|2.0|concept|ca22c69eac744d46a617fbea106ddfbf|concept
effectiveness|3.0|concept|ca22c69eac744d46a617fbea106ddfbf|concept
auditing risk responses|3.0|event|ca22c69eac744d46a617fbea106ddfbf|concept
effectiveness of auditing risk responses|2.0|concept|ca22c69eac744d46a617fbea106ddfbf|concept
documenting lessons learned|3.0|event|ca22c69eac744d46a617fbea106ddfbf|concept
project management|5.0|concept|5b0a6e46eb5149a5a3f9bfc2baab9a85|concept
uncertainty|5.0|condition|5b0a6e46eb5149a5a3f9bfc2baab9a85|concept
project risk management|4.0|concept|5b0a6e46eb5149a5a3f9bfc2baab9a85|concept
estimating|4.0|process|5b0a6e46eb5149a5a3f9bfc2baab9a85|concept
planning|4.0|process|5b0a6e46eb5149a5a3f9bfc2baab9a85|concept
cost control|3.0|process|5b0a6e46eb5149a5a3f9bfc2baab9a85|concept
task allocation|3.0|process|5b0a6e46eb5149a5a3f9bfc2baab9a85|concept
earned value analysis|3.0|process|5b0a6e46eb5149a5a3f9bfc2baab9a85|concept
monitoring and review meetings|2.0|process|5b0a6e46eb5149a5a3f9bfc2baab9a85|concept
project management|5.0|concept|f182d9219c54484294d513a2233f41cb|concept
project risk management|4.0|concept|f182d9219c54484294d513a2233f41cb|concept
project success|4.0|condition|f182d9219c54484294d513a2233f41cb|concept
project risk management as an optional process|3.0|misc|f182d9219c54484294d513a2233f41cb|concept
additional overhead task|3.0|misc|f182d9219c54484294d513a2233f41cb|concept
interface between project risk management and other processes of project management|4.0|concept|f182d9219c54484294d513a2233f41cb|concept
outputs of project risk management|4.0|concept|f182d9219c54484294d513a2233f41cb|concept
estimating resource requirements|4.0|process|f182d9219c54484294d513a2233f41cb|concept
cost estimation|4.0|process|f182d9219c54484294d513a2233f41cb|concept
duration estimation|4.0|process|f182d9219c54484294d513a2233f41cb|concept
assessing impact of proposed scope changes|4.0|process|f182d9219c54484294d513a2233f41cb|concept
planning or re-planning the forward strategy of the project|4.0|process|f182d9219c54484294d513a2233f41cb|concept
resource allocation to tasks|4.0|process|f182d9219c54484294d513a2233f41cb|concept
reporting progress to stakeholders|4.0|process|f182d9219c54484294d513a2233f41cb|concept
project risk management|5.0|process|d07a2b8454a84bd2accccec0f994dd32|concept
project management process effectiveness|4.0|concept|d07a2b8454a84bd2accccec0f994dd32|concept
work breakdown structure (wbs)|3.0|document|d07a2b8454a84bd2accccec0f994dd32|concept
estimates|3.0|document|d07a2b8454a84bd2accccec0f994dd32|concept
project schedule|3.0|document|d07a2b8454a84bd2accccec0f994dd32|concept
assumptions list|3.0|misc|d07a2b8454a84bd2accccec0f994dd32|concept
project management institute|5.0|organisation|488f7c7d81864bedad47726f22993f02|concept
practice standard for project risk management|5.0|document|488f7c7d81864bedad47726f22993f02|concept
chapter 3 - introduction to project risk management processes|4.0|event|488f7c7d81864bedad47726f22993f02|concept
project risk management processes|5.0|concept|488f7c7d81864bedad47726f22993f02|concept
understanding and managing risk on a project|4.0|misc|488f7c7d81864bedad47726f22993f02|concept
project risk|5.0|concept|488f7c7d81864bedad47726f22993f02|concept
uncertain event or condition|4.0|misc|488f7c7d81864bedad47726f22993f02|concept
positive or negative effect on a project’s objectives|4.0|condition|488f7c7d81864bedad47726f22993f02|concept
project risk management|5.0|concept|10bb141809504df28803a722f72d13eb|concept
objectives|4.0|concept|10bb141809504df28803a722f72d13eb|concept
project risk management process|5.0|concept|10bb141809504df28803a722f72d13eb|concept
available resources|4.0|object|10bb141809504df28803a722f72d13eb|concept
methodology and processes used|4.0|misc|10bb141809504df28803a722f72d13eb|concept
tools and techniques used|4.0|misc|10bb141809504df28803a722f72d13eb|concept
supporting infrastructure|3.0|object|10bb141809504df28803a722f72d13eb|concept
review and update frequency|4.0|condition|10bb141809504df28803a722f72d13eb|concept
reporting requirements|3.0|misc|10bb141809504df28803a722f72d13eb|concept
risk thresholds|5.0|concept|10bb141809504df28803a722f72d13eb|concept
key stakeholders’ views on acceptable levels of risk|4.0|condition|10bb141809504df28803a722f72d13eb|concept
framework|3.0|concept|10bb141809504df28803a722f72d13eb|concept
initiation step|4.0|event|10bb141809504df28803a722f72d13eb|concept
project risk management|5.0|concept|7539b0b74cdb436d9af062d6c742e2e1|concept
project|5.0|concept|7539b0b74cdb436d9af062d6c742e2e1|concept
objectives|4.0|concept|7539b0b74cdb436d9af062d6c742e2e1|concept
risks|4.0|concept|7539b0b74cdb436d9af062d6c742e2e1|concept
project risk management process|4.0|concept|7539b0b74cdb436d9af062d6c742e2e1|concept
scaling|3.0|concept|7539b0b74cdb436d9af062d6c742e2e1|concept
risk thresholds, tolerances, and assessment framework|4.0|concept|7539b0b74cdb436d9af062d6c742e2e1|concept
documentation|3.0|document|7539b0b74cdb436d9af062d6c742e2e1|concept
communication|3.0|misc|7539b0b74cdb436d9af062d6c742e2e1|concept
stakeholders|4.0|organisation|7539b0b74cdb436d9af062d6c742e2e1|concept
process|3.0|concept|51a76a95162e4ef0a8422ec841bb913e|concept
document|5.0|document|51a76a95162e4ef0a8422ec841bb913e|concept
approval|4.0|event|51a76a95162e4ef0a8422ec841bb913e|concept
senior level|3.0|condition|51a76a95162e4ef0a8422ec841bb913e|concept
project management institute|5.0|Organisation|524cbc1dffbd42c9b67ec1ab834f553c|concept
practice standard for project risk management|5.0|Document|524cbc1dffbd42c9b67ec1ab834f553c|concept
project risk management scope and objectives|4.0|Concept|524cbc1dffbd42c9b67ec1ab834f553c|concept
risks|5.0|Concept|524cbc1dffbd42c9b67ec1ab834f553c|concept
genuine risks|4.0|Concept|524cbc1dffbd42c9b67ec1ab834f553c|concept
non-risks (such as causes, effects, problems, issues)|3.0|Misc|524cbc1dffbd42c9b67ec1ab834f553c|concept
risk identification techniques|4.0|Concept|524cbc1dffbd42c9b67ec1ab834f553c|concept
specific project|4.0|Concept|524cbc1dffbd42c9b67ec1ab834f553c|concept
project risk management|5.0|process|859f347257a04348a1416362851327ed|concept
identify risks process|4.0|process|859f347257a04348a1416362851327ed|concept
project risks|5.0|concept|859f347257a04348a1416362851327ed|concept
emergent nature of risk|4.0|concept|859f347257a04348a1416362851327ed|concept
project stakeholders|5.0|organisation|859f347257a04348a1416362851327ed|concept
historical records|4.0|document|859f347257a04348a1416362851327ed|concept
project documents|4.0|document|859f347257a04348a1416362851327ed|concept
risk owner|5.0|organisation|859f347257a04348a1416362851327ed|concept
project risk management processes|4.0|process|859f347257a04348a1416362851327ed|concept
risks prioritization|4.0|concept|859f347257a04348a1416362851327ed|concept
risk evaluation|5.0|event|140dc52a187f41348ef910326297993d|concept
qualitative technique|4.0|concept|140dc52a187f41348ef910326297993d|concept
individual risk|4.0|event|140dc52a187f41348ef910326297993d|concept
quantitative technique|4.0|concept|140dc52a187f41348ef910326297993d|concept
overall project risk|4.0|event|140dc52a187f41348ef910326297993d|concept
integrated approach|3.0|concept|140dc52a187f41348ef910326297993d|concept
data (for risk evaluation)|3.0|misc|140dc52a187f41348ef910326297993d|concept
understanding and prioritizing risks|5.0|concept|24ba27f5ae1848378e73b4c0d358185d|concept
qualitative techniques|4.0|concept|24ba27f5ae1848378e73b4c0d358185d|concept
project objectives|5.0|concept|24ba27f5ae1848378e73b4c0d358185d|concept
documentation|4.0|document|24ba27f5ae1848378e73b4c0d358185d|concept
communication to key project stakeholders|4.0|action|24ba27f5ae1848378e73b4c0d358185d|concept
quantitative techniques|3.0|concept|24ba27f5ae1848378e73b4c0d358185d|concept
project outcome|5.0|concept|24ba27f5ae1848378e73b4c0d358185d|concept
risks identification|3.0|action|24ba27f5ae1848378e73b4c0d358185d|concept
probabilistic techniques|5.0|Concept|945630d499ab4f65a2b304a3f7c0d586|concept
project-wide effects|4.0|Concept|945630d499ab4f65a2b304a3f7c0d586|concept
correlation between risks|4.0|Concept|945630d499ab4f65a2b304a3f7c0d586|concept
interdependency|4.0|Concept|945630d499ab4f65a2b304a3f7c0d586|concept
feedback loops|4.0|Concept|945630d499ab4f65a2b304a3f7c0d586|concept
overall risk faced by the project|5.0|Concept|945630d499ab4f65a2b304a3f7c0d586|concept
quantitative analysis|4.0|Event|945630d499ab4f65a2b304a3f7c0d586|concept
contingency reserve levels|3.0|Concept|945630d499ab4f65a2b304a3f7c0d586|concept
documentation|4.0|Misc|945630d499ab4f65a2b304a3f7c0d586|concept
communication|4.0|Misc|945630d499ab4f65a2b304a3f7c0d586|concept
qualitative techniques (implied as not required for all projects)|3.0|Concept|945630d499ab4f65a2b304a3f7c0d586|concept
project management institute|5.0|Organisation|badbaa42435d42688ac1b8617a6e005b|concept
project risk management practice standard|5.0|Document|badbaa42435d42688ac1b8617a6e005b|concept
chapter 3 - introduction to project risk management processes|4.0|Event|badbaa42435d42688ac1b8617a6e005b|concept
individual risks|5.0|Concept|badbaa42435d42688ac1b8617a6e005b|concept
prioritization of individual risks|4.0|Event|badbaa42435d42688ac1b8617a6e005b|concept
degree of overall project risk exposure|4.0|Concept|badbaa42435d42688ac1b8617a6e005b|concept
appropriate risk responses|5.0|Concept|badbaa42435d42688ac1b8617a6e005b|concept
iterative process for developing risk responses|4.0|Event|badbaa42435d42688ac1b8617a6e005b|concept
optimal set of responses|4.0|Concept|badbaa42435d42688ac1b8617a6e005b|concept
response strategies for threats and opportunities|5.0|Concept|badbaa42435d42688ac1b8617a6e005b|concept
risk owner|4.0|Organisation|badbaa42435d42688ac1b8617a6e005b|concept
strategy|5.0|concept|5c610095cb5342bfb749a4704862dfab|concept
risk|5.0|concept|5c610095cb5342bfb749a4704862dfab|concept
achievable|3.0|condition|5c610095cb5342bfb749a4704862dfab|concept
affordable|3.0|condition|5c610095cb5342bfb749a4704862dfab|concept
cost effective|3.0|condition|5c610095cb5342bfb749a4704862dfab|concept
project plan|4.0|document|5c610095cb5342bfb749a4704862dfab|concept
risk response|4.0|concept|5c610095cb5342bfb749a4704862dfab|concept
risk owner|3.0|organisation|5c610095cb5342bfb749a4704862dfab|concept
action owner|2.0|organisation|5c610095cb5342bfb749a4704862dfab|concept
project stakeholder|4.0|organisation|5c610095cb5342bfb749a4704862dfab|concept
secondary risk|2.0|concept|5c610095cb5342bfb749a4704862dfab|concept
documentation|4.0|document|5c610095cb5342bfb749a4704862dfab|concept
communication|3.0|misc|5c610095cb5342bfb749a4704862dfab|concept
project risk management process|5.0|concept|d54b74bf869745b4a2b005438b838c01|concept
regular intervals throughout the life of the project|3.0|event|d54b74bf869745b4a2b005438b838c01|concept
project team|4.0|organisation|d54b74bf869745b4a2b005438b838c01|concept
previously identified risks|3.0|concept|d54b74bf869745b4a2b005438b838c01|concept
emergent and secondary risks|3.0|concept|d54b74bf869745b4a2b005438b838c01|concept
project risk management process effectiveness|4.0|condition|d54b74bf869745b4a2b005438b838c01|concept
plan risk management (chapter 4)|3.0|process|d54b74bf869745b4a2b005438b838c01|concept
define the scope and objectives of the project risk management process|2.0|misc|d54b74bf869745b4a2b005438b838c01|concept
integrate into wider project management|2.0|misc|d54b74bf869745b4a2b005438b838c01|concept
identify risks (chapter 5)|3.0|process|d54b74bf869745b4a2b005438b838c01|concept
knowable risks|2.0|concept|d54b74bf869745b4a2b005438b838c01|concept
perform qualitative risk analysis (chapter 6)|3.0|process|d54b74bf869745b4a2b005438b838c01|concept
quantitative risk analysis|5.0|concept|b57bc348de5541f8bc962d0ef02019f4|concept
overall project outcome|4.0|concept|b57bc348de5541f8bc962d0ef02019f4|concept
plan risk responses|5.0|concept|b57bc348de5541f8bc962d0ef02019f4|concept
appropriate response strategies and actions|4.0|concept|b57bc348de5541f8bc962d0ef02019f4|concept
individual risk|3.0|concept|b57bc348de5541f8bc962d0ef02019f4|concept
project risk management plan|4.0|concept|b57bc348de5541f8bc962d0ef02019f4|concept
monitor and control risks|5.0|concept|b57bc348de5541f8bc962d0ef02019f4|concept
agreed-upon actions|3.0|concept|b57bc348de5541f8bc962d0ef02019f4|concept
project risk management process|4.0|concept|b57bc348de5541f8bc962d0ef02019f4|concept
figure 3-1|3.0|misc|b57bc348de5541f8bc962d0ef02019f4|concept
flows of control and information|2.0|misc|b57bc348de5541f8bc962d0ef02019f4|concept
project management institute|5.0|Organisation|9524512df4714f3296da19f2cf79e9e6|concept
project|4.0|Concept|9524512df4714f3296da19f2cf79e9e6|concept
practice standard for project risk management|5.0|Document|9524512df4714f3296da19f2cf79e9e6|concept
project risk management processes|4.0|Concept|9524512df4714f3296da19f2cf79e9e6|concept
chapter 3|2.0|Concept|9524512df4714f3296da19f2cf79e9e6|concept
introduction to project risk management processes|4.0|Concept|9524512df4714f3296da19f2cf79e9e6|concept
figure 3-1. project risk management process flow diagram|2.0|Object|9524512df4714f3296da19f2cf79e9e6|concept
project management institute|3.0|organisation|92015a43b28a4a21b64ee148ca5e9175|concept
practice standard for project risk management|4.0|document|92015a43b28a4a21b64ee148ca5e9175|concept
plan risk management process|4.0|concept|92015a43b28a4a21b64ee148ca5e9175|concept
risk management strategy|3.0|concept|92015a43b28a4a21b64ee148ca5e9175|concept
risk management processes|4.0|concept|92015a43b28a4a21b64ee148ca5e9175|concept
project risk management|4.0|concept|92015a43b28a4a21b64ee148ca5e9175|concept
risk management plan|4.0|object|92015a43b28a4a21b64ee148ca5e9175|concept
project management activities|3.0|misc|92015a43b28a4a21b64ee148ca5e9175|concept
project risk management|5.0|concept|48b74f32a29c4949a9cc588b838232d4|concept
general project management|4.0|concept|48b74f32a29c4949a9cc588b838232d4|concept
management processes (in the rest of the organization)|3.0|concept|48b74f32a29c4949a9cc588b838232d4|concept
risk management planning|4.0|event|48b74f32a29c4949a9cc588b838232d4|concept
project overall planning|3.0|event|48b74f32a29c4949a9cc588b838232d4|concept
risk management activities|4.0|activity|48b74f32a29c4949a9cc588b838232d4|concept
overall project management plan|4.0|document|48b74f32a29c4949a9cc588b838232d4|concept
risk management plan|4.0|document|48b74f32a29c4949a9cc588b838232d4|concept
budget (resources, cost, and time)|3.0|concept|48b74f32a29c4949a9cc588b838232d4|concept
project needs|3.0|condition|48b74f32a29c4949a9cc588b838232d4|concept
project stakeholders|3.0|organisation|48b74f32a29c4949a9cc588b838232d4|concept
project|5.0|concept|f6df947f39d74f58a87c8477836217c5|concept
risk management|4.0|concept|f6df947f39d74f58a87c8477836217c5|concept
project budget|4.0|concept|f6df947f39d74f58a87c8477836217c5|concept
risk evaluation|3.0|condition|f6df947f39d74f58a87c8477836217c5|concept
budget allocation|3.0|condition|f6df947f39d74f58a87c8477836217c5|concept
risk management plan|4.0|document|f6df947f39d74f58a87c8477836217c5|concept
monitoring methods|3.0|concept|f6df947f39d74f58a87c8477836217c5|concept
budget modification condition|3.0|condition|f6df947f39d74f58a87c8477836217c5|concept
project management plan|5.0|document|293ccc0dd6ed4c5d95d1ccfd141f8c24|concept
risk management plan|4.0|document|293ccc0dd6ed4c5d95d1ccfd141f8c24|concept
project risk management success criteria|3.0|condition|293ccc0dd6ed4c5d95d1ccfd141f8c24|concept
general project success criteria|3.0|condition|293ccc0dd6ed4c5d95d1ccfd141f8c24|concept
risk management activities|4.0|event|293ccc0dd6ed4c5d95d1ccfd141f8c24|concept
normal frequency for repeating processes|2.0|condition|293ccc0dd6ed4c5d95d1ccfd141f8c24|concept
exceptional conditions|3.0|condition|293ccc0dd6ed4c5d95d1ccfd141f8c24|concept
project management institute|5.0|Organisation|1a69a9b325394b2486d562238aa35521|concept
practice standard for project risk management|5.0|Document|1a69a9b325394b2486d562238aa35521|concept
project-related criteria|5.0|Concept|1a69a9b325394b2486d562238aa35521|concept
cost|4.0|Concept|1a69a9b325394b2486d562238aa35521|concept
time|4.0|Concept|1a69a9b325394b2486d562238aa35521|concept
scope|4.0|Concept|1a69a9b325394b2486d562238aa35521|concept
project definition documents|3.0|Document|1a69a9b325394b2486d562238aa35521|concept
risk management plan|4.0|Concept|1a69a9b325394b2486d562238aa35521|concept
stakeholders|5.0|Organisation|1a69a9b325394b2486d562238aa35521|concept
project-related objectives|4.0|Concept|1a69a9b325394b2486d562238aa35521|concept
inherent level of uncertainty|3.0|Condition|1a69a9b325394b2486d562238aa35521|concept
risk management process|5.0|concept|a0a565566e734641a3596e4f8d7ba756|concept
unforeseen changes|4.0|concept|a0a565566e734641a3596e4f8d7ba756|concept
predictable environment|3.0|concept|a0a565566e734641a3596e4f8d7ba756|concept
project risk management process success|4.0|concept|a0a565566e734641a3596e4f8d7ba756|concept
acceptable level of risk|5.0|concept|a0a565566e734641a3596e4f8d7ba756|concept
relevant stakeholders|4.0|organisation|a0a565566e734641a3596e4f8d7ba756|concept
risk attitudes|5.0|concept|a0a565566e734641a3596e4f8d7ba756|concept
tolerance for uncertainty|4.0|condition|a0a565566e734641a3596e4f8d7ba756|concept
specific project objectives|4.0|concept|a0a565566e734641a3596e4f8d7ba756|concept
project risk management processes|5.0|concept|a0a565566e734641a3596e4f8d7ba756|concept
thresholds|3.0|condition|a0a565566e734641a3596e4f8d7ba756|concept
weighting factors|3.0|concept|a0a565566e734641a3596e4f8d7ba756|concept
risk attitudes and expectations|5.0|concept|9e4e590917384907b1786e65af0ab4c1|concept
project manager|4.0|organisation|9e4e590917384907b1786e65af0ab4c1|concept
stakeholders' attitudes|4.0|concept|9e4e590917384907b1786e65af0ab4c1|concept
risk management approach|4.0|concept|9e4e590917384907b1786e65af0ab4c1|concept
communication|3.0|event|9e4e590917384907b1786e65af0ab4c1|concept
project evolution|3.0|event|9e4e590917384907b1786e65af0ab4c1|concept
common understanding of risks|4.0|concept|9e4e590917384907b1786e65af0ab4c1|concept
critical values and thresholds|3.0|concept|9e4e590917384907b1786e65af0ab4c1|concept
qualitative analysis|4.0|concept|33ec360348584be8a05d39a6ba432f51|concept
high impact|3.0|condition|33ec360348584be8a05d39a6ba432f51|concept
medium probability|3.0|condition|33ec360348584be8a05d39a6ba432f51|concept
risk management plan|5.0|concept|33ec360348584be8a05d39a6ba432f51|concept
key numerical values|3.0|concept|33ec360348584be8a05d39a6ba432f51|concept
decision-making in risk response planning or risk monitoring and control|4.0|event|33ec360348584be8a05d39a6ba432f51|concept
risk management planning|5.0|event|33ec360348584be8a05d39a6ba432f51|concept
type and level of risk detail|3.0|condition|33ec360348584be8a05d39a6ba432f51|concept
project risk management processes|4.0|process|33ec360348584be8a05d39a6ba432f51|concept
project characteristics|3.0|condition|33ec360348584be8a05d39a6ba432f51|concept
specified risk management objectives|4.0|concept|33ec360348584be8a05d39a6ba432f51|concept
project risk management processes|5.0|concept|1b5164265722406da7b6f22e3b892dc3|concept
project team participation|4.0|event|1b5164265722406da7b6f22e3b892dc3|concept
stakeholders participation|4.0|event|1b5164265722406da7b6f22e3b892dc3|concept
participation location|3.0|place|1b5164265722406da7b6f22e3b892dc3|concept
participation time|3.0|event|1b5164265722406da7b6f22e3b892dc3|concept
criteria for determining success|4.0|concept|1b5164265722406da7b6f22e3b892dc3|concept
level of authority|3.0|condition|1b5164265722406da7b6f22e3b892dc3|concept
actions or decisions beyond a certain level|3.0|concept|1b5164265722406da7b6f22e3b892dc3|concept
risk management plan|5.0|document|1b5164265722406da7b6f22e3b892dc3|concept
project’s risk management roles and responsibilities|4.0|concept|1b5164265722406da7b6f22e3b892dc3|concept
senior management expectations|3.0|organisation|1b5164265722406da7b6f22e3b892dc3|concept
project personnel expectations|3.0|organisation|1b5164265722406da7b6f22e3b892dc3|concept
project management institute|5.0|Organisation|b70002833d20433ca1488e617e18a310|concept
practice standard for project risk management|4.0|Document|b70002833d20433ca1488e617e18a310|concept
risk-related communication|5.0|Concept|b70002833d20433ca1488e617e18a310|concept
project team|5.0|Organisation|b70002833d20433ca1488e617e18a310|concept
project stakeholders|4.0|Organisation|b70002833d20433ca1488e617e18a310|concept
risk management plan|5.0|Document|b70002833d20433ca1488e617e18a310|concept
project risk management processes|4.0|Concept|b70002833d20433ca1488e617e18a310|concept
risk management meetings and reports|3.0|Event|b70002833d20433ca1488e617e18a310|concept
structure and content of meetings and reports|4.0|Misc|b70002833d20433ca1488e617e18a310|concept
other project stakeholders' expectations|3.0|Concept|b70002833d20433ca1488e617e18a310|concept
routine documents|2.0|Document|b70002833d20433ca1488e617e18a310|concept
information sharing for escalation or exceptional events|3.0|Misc|b70002833d20433ca1488e617e18a310|concept
details of information required by the project team from stakeholders|4.0|Concept|b70002833d20433ca1488e617e18a310|concept
acceptance by stakeholders|5.0|condition|5b2650b4710241e3b8e481fe263c9e6d|concept
alignment with internal and external constraints on the project|5.0|condition|5b2650b4710241e3b8e481fe263c9e6d|concept
balance between cost or effort and benefit|5.0|condition|5b2650b4710241e3b8e481fe263c9e6d|concept
completeness with respect to the needs of the project risk management process|5.0|condition|5b2650b4710241e3b8e481fe263c9e6d|concept
benefits of managing risk|4.0|concept|5b2650b4710241e3b8e481fe263c9e6d|concept
added value of addressing risk as a skill|4.0|misc|5b2650b4710241e3b8e481fe263c9e6d|concept
time and effort required for plan risk management process|3.0|condition|5b2650b4710241e3b8e481fe263c9e6d|concept
recognition and acceptance by management in the organization responsible for the project|4.0|condition|5b2650b4710241e3b8e481fe263c9e6d|concept
project objectives|5.0|concept|c93ddea694bd4d7d957fbba766ae732b|concept
project environment|4.0|concept|c93ddea694bd4d7d957fbba766ae732b|concept
project solution approach|4.0|concept|c93ddea694bd4d7d957fbba766ae732b|concept
risk management|5.0|concept|c93ddea694bd4d7d957fbba766ae732b|concept
plan risk management activity|4.0|event|c93ddea694bd4d7d957fbba766ae732b|concept
organization|3.0|organisation|c93ddea694bd4d7d957fbba766ae732b|concept
inexperience in risk management planning|2.0|misc|c93ddea694bd4d7d957fbba766ae732b|concept
development of own approach for risk management|2.0|misc|c93ddea694bd4d7d957fbba766ae732b|concept
time and effort on risk management planning|2.0|condition|c93ddea694bd4d7d957fbba766ae732b|concept
proprietary or pre-existing approach for risk management|2.0|misc|c93ddea694bd4d7d957fbba766ae732b|concept
tailoring of proprietary or pre-existing approach|2.0|misc|c93ddea694bd4d7d957fbba766ae732b|concept
standard templates|3.0|document|c93ddea694bd4d7d957fbba766ae732b|concept
predefined risk categories|3.0|concept|c93ddea694bd4d7d957fbba766ae732b|concept
established project management methodology incorporating risk management|4.0|organisation|c93ddea694bd4d7d957fbba766ae732b|concept
risk management procedures|5.0|concept|84ea8b557ce04cf7a4b566a3d894004f|concept
risk information|4.0|concept|84ea8b557ce04cf7a4b566a3d894004f|concept
decision making|4.0|concept|84ea8b557ce04cf7a4b566a3d894004f|concept
project risk management|5.0|concept|84ea8b557ce04cf7a4b566a3d894004f|concept
work breakdown structure|3.0|concept|84ea8b557ce04cf7a4b566a3d894004f|concept
schedule|3.0|concept|84ea8b557ce04cf7a4b566a3d894004f|concept
budget|3.0|concept|84ea8b557ce04cf7a4b566a3d894004f|concept
work-assignment documents|3.0|document|84ea8b557ce04cf7a4b566a3d894004f|concept
lessons learned|4.0|concept|84ea8b557ce04cf7a4b566a3d894004f|concept
project|5.0|concept|84ea8b557ce04cf7a4b566a3d894004f|concept
project management institute|4.0|organisation|382e4eef6a5e48aa90647a7e5f1f6061|concept
practice standard for project risk management|5.0|document|382e4eef6a5e48aa90647a7e5f1f6061|concept
plan risk management|4.0|concept|382e4eef6a5e48aa90647a7e5f1f6061|concept
project manager|4.0|concept|382e4eef6a5e48aa90647a7e5f1f6061|concept
project stakeholders|5.0|concept|382e4eef6a5e48aa90647a7e5f1f6061|concept
skills and experience (of stakeholders)|4.0|concept|382e4eef6a5e48aa90647a7e5f1f6061|concept
project risk management process|5.0|concept|382e4eef6a5e48aa90647a7e5f1f6061|concept
understanding of project risk management process|4.0|condition|382e4eef6a5e48aa90647a7e5f1f6061|concept
commitment to the project risk management process|4.0|condition|382e4eef6a5e48aa90647a7e5f1f6061|concept
risk management resources|4.0|concept|382e4eef6a5e48aa90647a7e5f1f6061|concept
risk management plan|5.0|document|382e4eef6a5e48aa90647a7e5f1f6061|concept
management (approval for risk management resources)|3.0|organisation|382e4eef6a5e48aa90647a7e5f1f6061|concept
risk management plan|5.0|Concept|0994a79d38794524b766b6c120c06a3b|concept
organizational procedures|4.0|Concept|0994a79d38794524b766b6c120c06a3b|concept
enterprise environmental factors|4.0|Concept|0994a79d38794524b766b6c120c06a3b|concept
strategic risk management|3.0|Concept|0994a79d38794524b766b6c120c06a3b|concept
corporate governance processes|3.0|Concept|0994a79d38794524b766b6c120c06a3b|concept
planning sessions|4.0|Event|0994a79d38794524b766b6c120c06a3b|concept
project stakeholders|3.0|Concept|0994a79d38794524b766b6c120c06a3b|concept
risk approach|3.0|Concept|0994a79d38794524b766b6c120c06a3b|concept
techniques for managing risk|3.0|Concept|0994a79d38794524b766b6c120c06a3b|concept
4.3 tools and techniques for the plan risk management process|5.0|Document|0994a79d38794524b766b6c120c06a3b|concept
4.3.1 planning sessions|4.0|Concept|0994a79d38794524b766b6c120c06a3b|concept
elaboration of the risk management plan|3.0|Concept|0994a79d38794524b766b6c120c06a3b|concept
risk management process|5.0|event|8661ced1d7dd4ad5a901299e539fd9d8|concept
project manager|4.0|organisation|8661ced1d7dd4ad5a901299e539fd9d8|concept
project team members|3.0|organisation|8661ced1d7dd4ad5a901299e539fd9d8|concept
stakeholders|3.0|misc|8661ced1d7dd4ad5a901299e539fd9d8|concept
broader organization|3.0|organisation|8661ced1d7dd4ad5a901299e539fd9d8|concept
risk management team members|3.0|organisation|8661ced1d7dd4ad5a901299e539fd9d8|concept
subject matter experts or facilitators|3.0|organisation|8661ced1d7dd4ad5a901299e539fd9d8|concept
initial risk responsibilities|4.0|condition|8661ced1d7dd4ad5a901299e539fd9d8|concept
methodology|3.0|concept|8661ced1d7dd4ad5a901299e539fd9d8|concept
templates|3.0|object|8661ced1d7dd4ad5a901299e539fd9d8|concept
terms|3.0|misc|8661ced1d7dd4ad5a901299e539fd9d8|concept
definitions|3.0|concept|8661ced1d7dd4ad5a901299e539fd9d8|concept
time schedules|3.0|concept|8661ced1d7dd4ad5a901299e539fd9d8|concept
cost budgets|3.0|concept|8661ced1d7dd4ad5a901299e539fd9d8|concept
risk management plan|4.0|document|8661ced1d7dd4ad5a901299e539fd9d8|concept
specific project|4.0|place|8661ced1d7dd4ad5a901299e539fd9d8|concept
tools parameters and inputs|3.0|object|8661ced1d7dd4ad5a901299e539fd9d8|concept
project management institute|5.0|Organisation|929809e26bea46ab8ea057d22da1bb9e|concept
practice standard for project risk management|5.0|Document|929809e26bea46ab8ea057d22da1bb9e|concept
risk management plan|5.0|Concept|929809e26bea46ab8ea057d22da1bb9e|concept
risk status reports|4.0|Work Product|929809e26bea46ab8ea057d22da1bb9e|concept
risk breakdown structures|4.0|Work Product|929809e26bea46ab8ea057d22da1bb9e|concept
risk register|4.0|Work Product|929809e26bea46ab8ea057d22da1bb9e|concept
templates|4.0|Concept|929809e26bea46ab8ea057d22da1bb9e|concept
adaptation|3.0|Concept|929809e26bea46ab8ea057d22da1bb9e|concept
risk management process|5.0|Process|929809e26bea46ab8ea057d22da1bb9e|concept
